{"test/env_step": 211204, "test/reward": 1.0, "test/length": 88.0, "test/reward_std": 0.0, "test/length_std": 0.0, "_timestamp": 1700575157.889118, "_runtime": 932.5685560703278, "_step": 146, "train/episode": 10, "train/reward": 0.9694688845519291, "train/length": 88.0, "train/env_step": 211204, "update/loss": -0.014709456604905427, "update/loss/clip": -0.0018274115648819133, "update/loss/vf": 0.0012847016548039392, "update/loss/ent": 1.352439626455307, "update/gradient_step": 6084, "_wandb": {"runtime": 929}}